{"cameraMode":{"drawMode":0,"name":"Shaded","section":"Shading Mode"},"sceneLighting":false,"audioPlay":false,"sceneViewState":{"showFog":true,"showMaterialUpdate":false,"showSkybox":true,"showFlares":true,"showImageEffects":true,"showParticleSystems":true},"in2DMode":false,"pivot":{"x":12.007211685180664,"y":2.550203561782837,"z":-0.44072532653808596},"rotation":{"x":-0.0014878868823871017,"y":-0.9954912662506104,"z":-0.015813009813427926,"w":0.09351451694965363},"size":13.129622459411621,"orthographic":false}