{"cameraMode":{"drawMode":0,"name":"Shaded","section":"Shading Mode"},"sceneLighting":false,"audioPlay":false,"sceneViewState":{"showFog":true,"showMaterialUpdate":false,"showSkybox":true,"showFlares":true,"showImageEffects":true,"showParticleSystems":true},"in2DMode":false,"pivot":{"x":-10.414107322692871,"y":23.870914459228517,"z":-0.05692005157470703},"rotation":{"x":0.23221169412136079,"y":0.04283599928021431,"z":0.010234891436994076,"w":-0.9716677069664002},"size":5.715767860412598,"orthographic":false}